{"assets/images/1.png":["assets/images/1.png"],"assets/images/2.png":["assets/images/2.png"],"assets/images/3.png":["assets/images/3.png"],"assets/images/4.png":["assets/images/4.png"],"assets/images/app_icon.png":["assets/images/app_icon.png"],"assets/images/auth.png":["assets/images/auth.png"],"assets/images/delivery_address.png":["assets/images/delivery_address.png"],"assets/images/delivery_boy.png":["assets/images/delivery_boy.png"],"assets/images/delivery_parcel.png":["assets/images/delivery_parcel.png"],"assets/images/delivery_vendor.png":["assets/images/delivery_vendor.png"],"assets/images/error.png":["assets/images/error.png"],"assets/images/homeicon.png":["assets/images/homeicon.png"],"assets/images/loadingicon.png":["assets/images/loadingicon.png"],"assets/images/no_cart.png":["assets/images/no_cart.png"],"assets/images/no_product.png":["assets/images/no_product.png"],"assets/images/product.png":["assets/images/product.png"],"assets/images/regpic.png":["assets/images/regpic.png"],"assets/images/splash_icon.png":["assets/images/splash_icon.png"],"assets/images/user.png":["assets/images/user.png"],"assets/images/vendor.png":["assets/images/vendor.png"],"assets/images/welcomeload.png":["assets/images/welcomeload.png"],"assets/images/welcomepic.png":["assets/images/welcomepic.png"],"packages/cool_alert/assets/flare/error_check.flr":["packages/cool_alert/assets/flare/error_check.flr"],"packages/cool_alert/assets/flare/info_check.flr":["packages/cool_alert/assets/flare/info_check.flr"],"packages/cool_alert/assets/flare/loading.flr":["packages/cool_alert/assets/flare/loading.flr"],"packages/cool_alert/assets/flare/success_check.flr":["packages/cool_alert/assets/flare/success_check.flr"],"packages/cool_alert/assets/flare/warning_check.flr":["packages/cool_alert/assets/flare/warning_check.flr"],"packages/cupertino_icons/assets/CupertinoIcons.ttf":["packages/cupertino_icons/assets/CupertinoIcons.ttf"],"packages/flag/res/flag/a.txt":["packages/flag/res/flag/a.txt"],"packages/flag/res/flag/ad.svg":["packages/flag/res/flag/ad.svg"],"packages/flag/res/flag/ae.svg":["packages/flag/res/flag/ae.svg"],"packages/flag/res/flag/af.svg":["packages/flag/res/flag/af.svg"],"packages/flag/res/flag/ag.svg":["packages/flag/res/flag/ag.svg"],"packages/flag/res/flag/al.svg":["packages/flag/res/flag/al.svg"],"packages/flag/res/flag/am.svg":["packages/flag/res/flag/am.svg"],"packages/flag/res/flag/ao.svg":["packages/flag/res/flag/ao.svg"],"packages/flag/res/flag/ar.svg":["packages/flag/res/flag/ar.svg"],"packages/flag/res/flag/at.svg":["packages/flag/res/flag/at.svg"],"packages/flag/res/flag/au.svg":["packages/flag/res/flag/au.svg"],"packages/flag/res/flag/az.svg":["packages/flag/res/flag/az.svg"],"packages/flag/res/flag/ba.svg":["packages/flag/res/flag/ba.svg"],"packages/flag/res/flag/bb.svg":["packages/flag/res/flag/bb.svg"],"packages/flag/res/flag/bd.svg":["packages/flag/res/flag/bd.svg"],"packages/flag/res/flag/be.svg":["packages/flag/res/flag/be.svg"],"packages/flag/res/flag/bf.svg":["packages/flag/res/flag/bf.svg"],"packages/flag/res/flag/bg.svg":["packages/flag/res/flag/bg.svg"],"packages/flag/res/flag/bh.svg":["packages/flag/res/flag/bh.svg"],"packages/flag/res/flag/bi.svg":["packages/flag/res/flag/bi.svg"],"packages/flag/res/flag/bj.svg":["packages/flag/res/flag/bj.svg"],"packages/flag/res/flag/bn.svg":["packages/flag/res/flag/bn.svg"],"packages/flag/res/flag/bo.svg":["packages/flag/res/flag/bo.svg"],"packages/flag/res/flag/br.svg":["packages/flag/res/flag/br.svg"],"packages/flag/res/flag/bs.svg":["packages/flag/res/flag/bs.svg"],"packages/flag/res/flag/bt.svg":["packages/flag/res/flag/bt.svg"],"packages/flag/res/flag/bw.svg":["packages/flag/res/flag/bw.svg"],"packages/flag/res/flag/by.svg":["packages/flag/res/flag/by.svg"],"packages/flag/res/flag/bz.svg":["packages/flag/res/flag/bz.svg"],"packages/flag/res/flag/ca.svg":["packages/flag/res/flag/ca.svg"],"packages/flag/res/flag/cd.svg":["packages/flag/res/flag/cd.svg"],"packages/flag/res/flag/cf.svg":["packages/flag/res/flag/cf.svg"],"packages/flag/res/flag/cg.svg":["packages/flag/res/flag/cg.svg"],"packages/flag/res/flag/ch.svg":["packages/flag/res/flag/ch.svg"],"packages/flag/res/flag/ci.svg":["packages/flag/res/flag/ci.svg"],"packages/flag/res/flag/cl.svg":["packages/flag/res/flag/cl.svg"],"packages/flag/res/flag/cm.svg":["packages/flag/res/flag/cm.svg"],"packages/flag/res/flag/cn.svg":["packages/flag/res/flag/cn.svg"],"packages/flag/res/flag/co.svg":["packages/flag/res/flag/co.svg"],"packages/flag/res/flag/cr.svg":["packages/flag/res/flag/cr.svg"],"packages/flag/res/flag/cu.svg":["packages/flag/res/flag/cu.svg"],"packages/flag/res/flag/cv.svg":["packages/flag/res/flag/cv.svg"],"packages/flag/res/flag/cy.svg":["packages/flag/res/flag/cy.svg"],"packages/flag/res/flag/cz.svg":["packages/flag/res/flag/cz.svg"],"packages/flag/res/flag/de.svg":["packages/flag/res/flag/de.svg"],"packages/flag/res/flag/dj.svg":["packages/flag/res/flag/dj.svg"],"packages/flag/res/flag/dk.svg":["packages/flag/res/flag/dk.svg"],"packages/flag/res/flag/dm.svg":["packages/flag/res/flag/dm.svg"],"packages/flag/res/flag/do.svg":["packages/flag/res/flag/do.svg"],"packages/flag/res/flag/dz.svg":["packages/flag/res/flag/dz.svg"],"packages/flag/res/flag/ec.svg":["packages/flag/res/flag/ec.svg"],"packages/flag/res/flag/ee.svg":["packages/flag/res/flag/ee.svg"],"packages/flag/res/flag/eg.svg":["packages/flag/res/flag/eg.svg"],"packages/flag/res/flag/eh.svg":["packages/flag/res/flag/eh.svg"],"packages/flag/res/flag/er.svg":["packages/flag/res/flag/er.svg"],"packages/flag/res/flag/es.svg":["packages/flag/res/flag/es.svg"],"packages/flag/res/flag/et.svg":["packages/flag/res/flag/et.svg"],"packages/flag/res/flag/eu.svg":["packages/flag/res/flag/eu.svg"],"packages/flag/res/flag/fi.svg":["packages/flag/res/flag/fi.svg"],"packages/flag/res/flag/fj.svg":["packages/flag/res/flag/fj.svg"],"packages/flag/res/flag/fm.svg":["packages/flag/res/flag/fm.svg"],"packages/flag/res/flag/fr.svg":["packages/flag/res/flag/fr.svg"],"packages/flag/res/flag/ga.svg":["packages/flag/res/flag/ga.svg"],"packages/flag/res/flag/gb.svg":["packages/flag/res/flag/gb.svg"],"packages/flag/res/flag/gd.svg":["packages/flag/res/flag/gd.svg"],"packages/flag/res/flag/ge.svg":["packages/flag/res/flag/ge.svg"],"packages/flag/res/flag/gh.svg":["packages/flag/res/flag/gh.svg"],"packages/flag/res/flag/gm.svg":["packages/flag/res/flag/gm.svg"],"packages/flag/res/flag/gn.svg":["packages/flag/res/flag/gn.svg"],"packages/flag/res/flag/gq.svg":["packages/flag/res/flag/gq.svg"],"packages/flag/res/flag/gr.svg":["packages/flag/res/flag/gr.svg"],"packages/flag/res/flag/gt.svg":["packages/flag/res/flag/gt.svg"],"packages/flag/res/flag/gw.svg":["packages/flag/res/flag/gw.svg"],"packages/flag/res/flag/gy.svg":["packages/flag/res/flag/gy.svg"],"packages/flag/res/flag/hk.svg":["packages/flag/res/flag/hk.svg"],"packages/flag/res/flag/hn.svg":["packages/flag/res/flag/hn.svg"],"packages/flag/res/flag/hr.svg":["packages/flag/res/flag/hr.svg"],"packages/flag/res/flag/ht.svg":["packages/flag/res/flag/ht.svg"],"packages/flag/res/flag/hu.svg":["packages/flag/res/flag/hu.svg"],"packages/flag/res/flag/id.svg":["packages/flag/res/flag/id.svg"],"packages/flag/res/flag/ie.svg":["packages/flag/res/flag/ie.svg"],"packages/flag/res/flag/il.svg":["packages/flag/res/flag/il.svg"],"packages/flag/res/flag/in.svg":["packages/flag/res/flag/in.svg"],"packages/flag/res/flag/iq.svg":["packages/flag/res/flag/iq.svg"],"packages/flag/res/flag/ir.svg":["packages/flag/res/flag/ir.svg"],"packages/flag/res/flag/is.svg":["packages/flag/res/flag/is.svg"],"packages/flag/res/flag/it.svg":["packages/flag/res/flag/it.svg"],"packages/flag/res/flag/jm.svg":["packages/flag/res/flag/jm.svg"],"packages/flag/res/flag/jo.svg":["packages/flag/res/flag/jo.svg"],"packages/flag/res/flag/jp.svg":["packages/flag/res/flag/jp.svg"],"packages/flag/res/flag/ke.svg":["packages/flag/res/flag/ke.svg"],"packages/flag/res/flag/kg.svg":["packages/flag/res/flag/kg.svg"],"packages/flag/res/flag/kh.svg":["packages/flag/res/flag/kh.svg"],"packages/flag/res/flag/ki.svg":["packages/flag/res/flag/ki.svg"],"packages/flag/res/flag/km.svg":["packages/flag/res/flag/km.svg"],"packages/flag/res/flag/kn.svg":["packages/flag/res/flag/kn.svg"],"packages/flag/res/flag/kp.svg":["packages/flag/res/flag/kp.svg"],"packages/flag/res/flag/kr.svg":["packages/flag/res/flag/kr.svg"],"packages/flag/res/flag/kw.svg":["packages/flag/res/flag/kw.svg"],"packages/flag/res/flag/kz.svg":["packages/flag/res/flag/kz.svg"],"packages/flag/res/flag/la.svg":["packages/flag/res/flag/la.svg"],"packages/flag/res/flag/lb.svg":["packages/flag/res/flag/lb.svg"],"packages/flag/res/flag/lc.svg":["packages/flag/res/flag/lc.svg"],"packages/flag/res/flag/li.svg":["packages/flag/res/flag/li.svg"],"packages/flag/res/flag/lk.svg":["packages/flag/res/flag/lk.svg"],"packages/flag/res/flag/lr.svg":["packages/flag/res/flag/lr.svg"],"packages/flag/res/flag/ls.svg":["packages/flag/res/flag/ls.svg"],"packages/flag/res/flag/lt.svg":["packages/flag/res/flag/lt.svg"],"packages/flag/res/flag/lu.svg":["packages/flag/res/flag/lu.svg"],"packages/flag/res/flag/lv.svg":["packages/flag/res/flag/lv.svg"],"packages/flag/res/flag/ly.svg":["packages/flag/res/flag/ly.svg"],"packages/flag/res/flag/ma.svg":["packages/flag/res/flag/ma.svg"],"packages/flag/res/flag/mc.svg":["packages/flag/res/flag/mc.svg"],"packages/flag/res/flag/md.svg":["packages/flag/res/flag/md.svg"],"packages/flag/res/flag/me.svg":["packages/flag/res/flag/me.svg"],"packages/flag/res/flag/mg.svg":["packages/flag/res/flag/mg.svg"],"packages/flag/res/flag/mh.svg":["packages/flag/res/flag/mh.svg"],"packages/flag/res/flag/mk.svg":["packages/flag/res/flag/mk.svg"],"packages/flag/res/flag/ml.svg":["packages/flag/res/flag/ml.svg"],"packages/flag/res/flag/mm.svg":["packages/flag/res/flag/mm.svg"],"packages/flag/res/flag/mn.svg":["packages/flag/res/flag/mn.svg"],"packages/flag/res/flag/mo.svg":["packages/flag/res/flag/mo.svg"],"packages/flag/res/flag/mr.svg":["packages/flag/res/flag/mr.svg"],"packages/flag/res/flag/mt.svg":["packages/flag/res/flag/mt.svg"],"packages/flag/res/flag/mu.svg":["packages/flag/res/flag/mu.svg"],"packages/flag/res/flag/mv.svg":["packages/flag/res/flag/mv.svg"],"packages/flag/res/flag/mw.svg":["packages/flag/res/flag/mw.svg"],"packages/flag/res/flag/mx.svg":["packages/flag/res/flag/mx.svg"],"packages/flag/res/flag/my.svg":["packages/flag/res/flag/my.svg"],"packages/flag/res/flag/mz.svg":["packages/flag/res/flag/mz.svg"],"packages/flag/res/flag/na.svg":["packages/flag/res/flag/na.svg"],"packages/flag/res/flag/ne.svg":["packages/flag/res/flag/ne.svg"],"packages/flag/res/flag/ng.svg":["packages/flag/res/flag/ng.svg"],"packages/flag/res/flag/ni.svg":["packages/flag/res/flag/ni.svg"],"packages/flag/res/flag/nl.svg":["packages/flag/res/flag/nl.svg"],"packages/flag/res/flag/no.svg":["packages/flag/res/flag/no.svg"],"packages/flag/res/flag/np.svg":["packages/flag/res/flag/np.svg"],"packages/flag/res/flag/nr.svg":["packages/flag/res/flag/nr.svg"],"packages/flag/res/flag/nz.svg":["packages/flag/res/flag/nz.svg"],"packages/flag/res/flag/om.svg":["packages/flag/res/flag/om.svg"],"packages/flag/res/flag/pa.svg":["packages/flag/res/flag/pa.svg"],"packages/flag/res/flag/pe.svg":["packages/flag/res/flag/pe.svg"],"packages/flag/res/flag/pg.svg":["packages/flag/res/flag/pg.svg"],"packages/flag/res/flag/ph.svg":["packages/flag/res/flag/ph.svg"],"packages/flag/res/flag/pk.svg":["packages/flag/res/flag/pk.svg"],"packages/flag/res/flag/pl.svg":["packages/flag/res/flag/pl.svg"],"packages/flag/res/flag/ps.svg":["packages/flag/res/flag/ps.svg"],"packages/flag/res/flag/pt.svg":["packages/flag/res/flag/pt.svg"],"packages/flag/res/flag/pw.svg":["packages/flag/res/flag/pw.svg"],"packages/flag/res/flag/py.svg":["packages/flag/res/flag/py.svg"],"packages/flag/res/flag/qa.svg":["packages/flag/res/flag/qa.svg"],"packages/flag/res/flag/ro.svg":["packages/flag/res/flag/ro.svg"],"packages/flag/res/flag/rs.svg":["packages/flag/res/flag/rs.svg"],"packages/flag/res/flag/ru.svg":["packages/flag/res/flag/ru.svg"],"packages/flag/res/flag/rw.svg":["packages/flag/res/flag/rw.svg"],"packages/flag/res/flag/sa.svg":["packages/flag/res/flag/sa.svg"],"packages/flag/res/flag/sb.svg":["packages/flag/res/flag/sb.svg"],"packages/flag/res/flag/sc.svg":["packages/flag/res/flag/sc.svg"],"packages/flag/res/flag/sd.svg":["packages/flag/res/flag/sd.svg"],"packages/flag/res/flag/se.svg":["packages/flag/res/flag/se.svg"],"packages/flag/res/flag/sg.svg":["packages/flag/res/flag/sg.svg"],"packages/flag/res/flag/si.svg":["packages/flag/res/flag/si.svg"],"packages/flag/res/flag/sk.svg":["packages/flag/res/flag/sk.svg"],"packages/flag/res/flag/sl.svg":["packages/flag/res/flag/sl.svg"],"packages/flag/res/flag/sm.svg":["packages/flag/res/flag/sm.svg"],"packages/flag/res/flag/sn.svg":["packages/flag/res/flag/sn.svg"],"packages/flag/res/flag/so.svg":["packages/flag/res/flag/so.svg"],"packages/flag/res/flag/sr.svg":["packages/flag/res/flag/sr.svg"],"packages/flag/res/flag/ss.svg":["packages/flag/res/flag/ss.svg"],"packages/flag/res/flag/st.svg":["packages/flag/res/flag/st.svg"],"packages/flag/res/flag/sv.svg":["packages/flag/res/flag/sv.svg"],"packages/flag/res/flag/sy.svg":["packages/flag/res/flag/sy.svg"],"packages/flag/res/flag/sz.svg":["packages/flag/res/flag/sz.svg"],"packages/flag/res/flag/td.svg":["packages/flag/res/flag/td.svg"],"packages/flag/res/flag/tg.svg":["packages/flag/res/flag/tg.svg"],"packages/flag/res/flag/th.svg":["packages/flag/res/flag/th.svg"],"packages/flag/res/flag/tj.svg":["packages/flag/res/flag/tj.svg"],"packages/flag/res/flag/tl.svg":["packages/flag/res/flag/tl.svg"],"packages/flag/res/flag/tm.svg":["packages/flag/res/flag/tm.svg"],"packages/flag/res/flag/tn.svg":["packages/flag/res/flag/tn.svg"],"packages/flag/res/flag/to.svg":["packages/flag/res/flag/to.svg"],"packages/flag/res/flag/tr.svg":["packages/flag/res/flag/tr.svg"],"packages/flag/res/flag/tt.svg":["packages/flag/res/flag/tt.svg"],"packages/flag/res/flag/tv.svg":["packages/flag/res/flag/tv.svg"],"packages/flag/res/flag/tw.svg":["packages/flag/res/flag/tw.svg"],"packages/flag/res/flag/tz.svg":["packages/flag/res/flag/tz.svg"],"packages/flag/res/flag/ua.svg":["packages/flag/res/flag/ua.svg"],"packages/flag/res/flag/ug.svg":["packages/flag/res/flag/ug.svg"],"packages/flag/res/flag/us.svg":["packages/flag/res/flag/us.svg"],"packages/flag/res/flag/uy.svg":["packages/flag/res/flag/uy.svg"],"packages/flag/res/flag/uz.svg":["packages/flag/res/flag/uz.svg"],"packages/flag/res/flag/va.svg":["packages/flag/res/flag/va.svg"],"packages/flag/res/flag/vc.svg":["packages/flag/res/flag/vc.svg"],"packages/flag/res/flag/ve.svg":["packages/flag/res/flag/ve.svg"],"packages/flag/res/flag/vn.svg":["packages/flag/res/flag/vn.svg"],"packages/flag/res/flag/vu.svg":["packages/flag/res/flag/vu.svg"],"packages/flag/res/flag/ws.svg":["packages/flag/res/flag/ws.svg"],"packages/flag/res/flag/xk.svg":["packages/flag/res/flag/xk.svg"],"packages/flag/res/flag/ye.svg":["packages/flag/res/flag/ye.svg"],"packages/flag/res/flag/za.svg":["packages/flag/res/flag/za.svg"],"packages/flag/res/flag/zm.svg":["packages/flag/res/flag/zm.svg"],"packages/flag/res/flag/zw.svg":["packages/flag/res/flag/zw.svg"],"packages/flutter_icons/fonts/AntDesign.ttf":["packages/flutter_icons/fonts/AntDesign.ttf"],"packages/flutter_icons/fonts/Entypo.ttf":["packages/flutter_icons/fonts/Entypo.ttf"],"packages/flutter_icons/fonts/EvilIcons.ttf":["packages/flutter_icons/fonts/EvilIcons.ttf"],"packages/flutter_icons/fonts/Feather.ttf":["packages/flutter_icons/fonts/Feather.ttf"],"packages/flutter_icons/fonts/FontAwesome.ttf":["packages/flutter_icons/fonts/FontAwesome.ttf"],"packages/flutter_icons/fonts/FontAwesome5_Brands.ttf":["packages/flutter_icons/fonts/FontAwesome5_Brands.ttf"],"packages/flutter_icons/fonts/FontAwesome5_Regular.ttf":["packages/flutter_icons/fonts/FontAwesome5_Regular.ttf"],"packages/flutter_icons/fonts/FontAwesome5_Solid.ttf":["packages/flutter_icons/fonts/FontAwesome5_Solid.ttf"],"packages/flutter_icons/fonts/Foundation.ttf":["packages/flutter_icons/fonts/Foundation.ttf"],"packages/flutter_icons/fonts/Ionicons.ttf":["packages/flutter_icons/fonts/Ionicons.ttf"],"packages/flutter_icons/fonts/MaterialCommunityIcons.ttf":["packages/flutter_icons/fonts/MaterialCommunityIcons.ttf"],"packages/flutter_icons/fonts/MaterialIcons.ttf":["packages/flutter_icons/fonts/MaterialIcons.ttf"],"packages/flutter_icons/fonts/Octicons.ttf":["packages/flutter_icons/fonts/Octicons.ttf"],"packages/flutter_icons/fonts/SimpleLineIcons.ttf":["packages/flutter_icons/fonts/SimpleLineIcons.ttf"],"packages/flutter_icons/fonts/Zocial.ttf":["packages/flutter_icons/fonts/Zocial.ttf"],"packages/flutter_icons/fonts/weathericons.ttf":["packages/flutter_icons/fonts/weathericons.ttf"],"packages/google_places_flutter/images/location.json":["packages/google_places_flutter/images/location.json"],"packages/line_icons/lib/assets/fonts/LineIcons.ttf":["packages/line_icons/lib/assets/fonts/LineIcons.ttf"],"packages/map_launcher/assets/icons/amap.svg":["packages/map_launcher/assets/icons/amap.svg"],"packages/map_launcher/assets/icons/apple.svg":["packages/map_launcher/assets/icons/apple.svg"],"packages/map_launcher/assets/icons/baidu.svg":["packages/map_launcher/assets/icons/baidu.svg"],"packages/map_launcher/assets/icons/citymapper.svg":["packages/map_launcher/assets/icons/citymapper.svg"],"packages/map_launcher/assets/icons/doubleGis.svg":["packages/map_launcher/assets/icons/doubleGis.svg"],"packages/map_launcher/assets/icons/google.svg":["packages/map_launcher/assets/icons/google.svg"],"packages/map_launcher/assets/icons/googleGo.svg":["packages/map_launcher/assets/icons/googleGo.svg"],"packages/map_launcher/assets/icons/mapswithme.svg":["packages/map_launcher/assets/icons/mapswithme.svg"],"packages/map_launcher/assets/icons/osmand.svg":["packages/map_launcher/assets/icons/osmand.svg"],"packages/map_launcher/assets/icons/tencent.svg":["packages/map_launcher/assets/icons/tencent.svg"],"packages/map_launcher/assets/icons/waze.svg":["packages/map_launcher/assets/icons/waze.svg"],"packages/map_launcher/assets/icons/yandexMaps.svg":["packages/map_launcher/assets/icons/yandexMaps.svg"],"packages/map_launcher/assets/icons/yandexNavi.svg":["packages/map_launcher/assets/icons/yandexNavi.svg"]}